<linker>
	<assembly fullname="UnityEngine">
		<type fullname="UnityEngine.Object" preserve="nothing"/>
		<type fullname="UnityEditor.MonoScript" preserve="nothing"/>
		<type fullname="UnityEngine.Material" preserve="nothing"/>
		<type fullname="UnityEngine.Texture" preserve="nothing"/>
		<type fullname="UnityEngine.Texture2D" preserve="nothing"/>
		<type fullname="UnityEngine.Sprite" preserve="nothing"/>
		<type fullname="UnityEditor.VFXManager" preserve="nothing"/>
		<type fullname="UnityEngine.Shader" preserve="nothing"/>
		<type fullname="UnityEngine.TextAsset" preserve="nothing"/>
		<type fullname="UnityEditor.TagManager" preserve="nothing"/>
		<type fullname="UnityEditor.MonoManager" preserve="nothing"/>
		<type fullname="UnityEngine.Rendering.GraphicsSettings" preserve="nothing"/>
		<type fullname="UnityEditor.PlayerSettings" preserve="nothing"/>
		<type fullname="UnityEditor.TimeManager" preserve="nothing"/>
		<type fullname="UnityEditor.InputManager" preserve="nothing"/>
		<type fullname="UnityEditor.PhysicsManager" preserve="nothing"/>
		<type fullname="UnityEditor.AudioManager" preserve="nothing"/>
		<type fullname="UnityEditor.Physics2DSettings" preserve="nothing"/>
		<type fullname="UnityEngine.QualitySettings" preserve="nothing"/>
		<type fullname="UnityEngine.Camera" preserve="nothing"/>
		<type fullname="UnityEngine.Transform" preserve="nothing"/>
		<type fullname="UnityEngine.Canvas" preserve="nothing"/>
		<type fullname="UnityEngine.RectTransform" preserve="nothing"/>
		<type fullname="UnityEngine.Behaviour" preserve="nothing"/>
		<type fullname="UnityEngine.GameObject" preserve="nothing"/>
		<type fullname="UnityEngine.Component" preserve="nothing"/>
		<type fullname="UnityEngine.MonoBehaviour" preserve="nothing"/>
		<type fullname="UnityEngine.LightmapSettings" preserve="nothing"/>
		<type fullname="UnityEngine.CanvasRenderer" preserve="nothing"/>
		<type fullname="UnityEngine.LightingSettings" preserve="nothing"/>
		<type fullname="UnityEngine.RenderSettings" preserve="nothing"/>
	</assembly>
	<assembly fullname="Assembly-CSharp">
		<type fullname="ConversionMaster" preserve="nothing"/>
		<type fullname="ConverterChooser" preserve="nothing"/>
		<type fullname="HtmlToMarkdownMaster" preserve="nothing"/>
		<type fullname="HtmlToMarkdownUIManager" preserve="nothing"/>
		<type fullname="ImageDownloadWindow" preserve="nothing"/>
		<type fullname="ImageLinkerWindow" preserve="nothing"/>
		<type fullname="MarkdownAnalysisCanvas" preserve="nothing"/>
		<type fullname="OpenLink" preserve="nothing"/>
		<type fullname="SimpleRotate" preserve="nothing"/>
		<type fullname="UIManager" preserve="nothing"/>
	</assembly>
	<assembly fullname="Unity.TextMeshPro">
		<type fullname="TMPro.TMP_FontAsset" preserve="nothing"/>
		<type fullname="TMPro.TMP_InputField" preserve="nothing"/>
		<type fullname="TMPro.TMP_Settings" preserve="nothing"/>
		<type fullname="TMPro.TMP_StyleSheet" preserve="nothing"/>
		<type fullname="TMPro.TextMeshProUGUI" preserve="nothing"/>
	</assembly>
	<assembly fullname="UnityEngine.UI">
		<type fullname="UnityEngine.EventSystems.EventSystem" preserve="nothing"/>
		<type fullname="UnityEngine.EventSystems.StandaloneInputModule" preserve="nothing"/>
		<type fullname="UnityEngine.UI.Button" preserve="nothing"/>
		<type fullname="UnityEngine.UI.CanvasScaler" preserve="nothing"/>
		<type fullname="UnityEngine.UI.ContentSizeFitter" preserve="nothing"/>
		<type fullname="UnityEngine.UI.GraphicRaycaster" preserve="nothing"/>
		<type fullname="UnityEngine.UI.GridLayoutGroup" preserve="nothing"/>
		<type fullname="UnityEngine.UI.HorizontalLayoutGroup" preserve="nothing"/>
		<type fullname="UnityEngine.UI.Image" preserve="nothing"/>
		<type fullname="UnityEngine.UI.LayoutElement" preserve="nothing"/>
		<type fullname="UnityEngine.UI.Mask" preserve="nothing"/>
		<type fullname="UnityEngine.UI.Outline" preserve="nothing"/>
		<type fullname="UnityEngine.UI.RectMask2D" preserve="nothing"/>
		<type fullname="UnityEngine.UI.ScrollRect" preserve="nothing"/>
		<type fullname="UnityEngine.UI.Scrollbar" preserve="nothing"/>
		<type fullname="UnityEngine.UI.Shadow" preserve="nothing"/>
		<type fullname="UnityEngine.UI.Slider" preserve="nothing"/>
		<type fullname="UnityEngine.UI.Toggle" preserve="nothing"/>
		<type fullname="UnityEngine.UI.VerticalLayoutGroup" preserve="nothing"/>
	</assembly>
</linker>
